INSERT INTO Funcionario (idFuncionario, nome, data_nascimento, iban, email, n_telemovel, morada) VALUES
('1', 'João Silva', '10/05/1990', 'PT000000000123456789', 'joao.silva.10@video.com', '912345678', '21'),
('2', 'Maria Luís', '15/12/1985', 'PT000000000987654321', 'mariasantosluis12@video.com', '923456789', '22'),
('3', 'Pedro Costa', '20/08/1995', 'PT000000000567891234', 'pedro95.costa@video.com', '934567890', '23');

INSERT INTO Morada (idMorada, rua, num_porta, cidade, codigo_postal) VALUES
    ('1', 'Rua José Castilha', '78', 'Lisboa', '1000-001'),
    ('2', 'Rua Santo Padre José', '2', 'Porto', '4000-002'),
    ('3', 'Avenida Central', '345', 'Braga', '4700-003'),
    ('4', 'Travessa da esquina', '2', 'Coimbra', '3000-004'),
    ('5', 'Praça da alegria', '54', 'Faro', '8000-005'),
    ('6', 'Rua da porta fechada', '26', 'Viseu', '3500-006'),
    ('7', 'Avenida da Europa', '77', 'Évora', '7000-007'),
    ('8', 'Rua da loja', '81', 'Portalegre', '7300-008'),
    ('9', 'Avenida pequena', '19', 'Guarda', '6300-009'),
    ('10', 'Rua dos pescadores', '10', 'Setúbal', '2900-010'),
    ('11', 'Avenida dos marinheiros', '11', 'Viana do Castelo', '4900-011'),
    ('12', 'Rua José Santos Silva', '22', 'Santarém', '2000-012'),
    ('13', 'Avenida Osnabruck', '143', 'Vila Real', '5000-013'),
    ('14', 'Travessa do encanto', '14', 'Aveiro', '3800-014'),
    ('15', 'Praça Oriental', '57', 'Leiria', '2400-015'),
    ('16', 'Rua Pedro Santos', '16', 'Bragança', '5300-016'),
    ('17', 'Avenida Principal', '107', 'Covilhã', '6200-017'),
    ('18', 'Rua Rei Carlos I', '98', 'Chaves', '5400-018'),
    ('19', 'Avenida do estádio', '119', 'Barcelos', '4750-019'),
    ('20', 'Rua da luz', '10', 'Vila Nova de Famalicão', '4760-020'),
    ('21', 'Rua do café', '98', 'Braga', '4700-023'),
    ('22', 'Praceta do descampado', '119', 'Braga', '4710-003'),
    ('23', 'Rua da rotunda das nações', '10', 'Braga', '4700-478');

INSERT INTO Cliente (username, password, nome, nif, data_nascimento, email, n_telemovel, morada) VALUES
    ('joaosilva', 'pass123', 'João Silva', '123456789', '10/05/1980', 'joaosilva@gmail.com', '912345678', '1'),
    ('mariasantos', 'pass456', 'Maria Santos', '987654321', '15/12/1992', 'mariasantos@gmail.com', '923456789', '2'),
    ('antoniopereira', 'pass789', 'António Pereira', '456789123', '20/07/1985', 'antoniopereira@gmail.com', '934567890', '3'),
    ('anacosta', 'passabc', 'Ana Costa', '321654987', '05/03/1990', 'anacosta@gmail.com', '945678901', '4'),
    ('pedrofernandes', 'passdef', 'Pedro Fernandes', '654987321', '12/09/1988', 'pedrofernandes@gmail.com', '956789012', '5'),
    ('sofiaalmeida', 'passtuv', 'Sofia Almeida', '789321654', '18/06/1995', 'sofiaalmeida@gmail.com', '967890123', '6'),
    ('miguelsantos', 'passxyz', 'Miguel Santos', '987123654', '25/11/1982', 'miguelsantos@gmail.com', '978901234', '7'),
    ('inespereira', 'pass1234', 'Inês Pereira', '456789123', '30/04/1991', 'inespereira@gmail.com', '989012345', '8'),
    ('ricardocosta', 'pass5678', 'Ricardo Costa', '321654987', '06/08/1987', 'ricardocosta@gmail.com', '990123456', '9'),
    ('martafernandes', 'pass9012', 'Marta Fernandes', '654987321', '13/02/1994', 'martafernandes@gmail.com', '901234567', '10'),
    ('andreAlmeida', 'pass3456', 'André Almeida', '789321654', '19/09/1989', 'andrealmeida@gmail.com', '912345678', '11'),
    ('catarinasantos', 'pass7890', 'Catarina Santos', '987123654', '26/04/1996', 'catarinasantos@gmail.com', '923456789', '12'),
    ('paulosilva', 'pass2345', 'Paulo Silva', '123456789', '01/11/1983', 'paulosilva@gmail.com', '934567890', '13'),
    ('teresacosta', 'pass6789', 'Teresa Costa', '987654321', '07/06/1990', 'teresacosta@gmail.com', '945678901', '14'),
    ('carlosfernandes', 'pass0123', 'Carlos Fernandes', '456789123', '14/01/1988', 'carlosfernandes@gmail.com', '956789012', '15'),
    ('saraalmeida', 'pass4567', 'Sara Almeida', '321654987', '20/08/1995', 'saraalmeida@gmail.com', '967890123', '16'),
    ('manuelsantos', 'pass8901', 'Manuel Santos', '789321654', '27/03/1982', 'manuelsantos@gmail.com', '978901234', '17'),
    ('inespereira2', 'pass12345', 'Inês Pereira', '987123654', '02/10/1991', 'inespereira2@gmail.com', '989012345', '18'),
    ('ruicosta', 'pass56789', 'Rui Costa', '123456789', '08/05/1987', 'ruicosta@gmail.com', '990123456', '19'),
    ('marianafernandes', 'pass90123', 'Mariana Fernandes', '987654321', '15/12/1994', 'marianafernandes@gmail.com', '901234567', '20'); 

INSERT INTO Fornecedor (idFornecedor, nome, nif, iban, email) VALUES
(1, 'Henrique Gonçalves', '123456789', 'PT50002700000001234567833', 'henriquegoncalves@gmail.com'),
(2, 'Joaquim Teixeira', '987654321', 'PT50002700000001234567844', 'joaquimteixeira@gmail.com'),
(3, 'Pedro Almeida', '555555555', 'PT50002700000001234567855', 'pedroalmeida@gmail.com'),
(4, 'António Hneriques', '111111111', 'PT50002700000001234567866', 'antoniohenriques@gmail.com'),
(5, 'Miguel Costa', '999999999', 'PT50002700000001234567877', 'miguelcosta@gmail.com');

INSERT INTO Review (idReview, rating, comentario, id_Filme) VALUES
  (1, 8, 'Um filme cheio de ação e reviravoltas emocionantes.', 1),
  (2, 6, 'A trama é interessante, mas o final deixou a desejar.', 2),
  (3, 9, 'Uma história de amor apaixonante e envolvente.', 3),
  (4, 7, 'As cenas de ação são empolgantes, mas o enredo poderia ser mais desenvolvido.', 4),
  (5, 8, 'Um filme subaquático repleto de adrenalina.', 5),
  (6, 9, 'As atuações são incríveis e a história é emocionante.', 6),
  (7, 5, 'A trama é previsível e os diálogos são fracos.', 7),
  (8, 8, 'Uma experiência visualmente deslumbrante.', 8),
  (9, 7, 'Um mistério intrigante que mantém o espectador interessado.', 9),
  (10, 9, 'Uma aventura emocionante e cheia de surpresas.', 10),
  (11, 6, 'O romance é forçado e o enredo não convence.', 11),
  (12, 8, 'Uma ilha cheia de mistérios que cativa o espectador.', 12),
  (13, 7, 'O suspense é envolvente, mas algumas cenas são previsíveis.', 13),
  (14, 9, 'Uma história comovente que toca o coração.', 14),
  (15, 8, 'As cenas de ação são emocionantes e bem coreografadas.', 15),
  (16, 7, 'Um suspense com momentos de tensão e suspense.', 16),
  (17, 6, 'O mistério é interessante, mas o desfecho é decepcionante.', 17),
  (18, 8, 'Uma aventura divertida e repleta de ação.', 18),
  (19, 7, 'Os efeitos visuais são impressionantes, mas o enredo é fraco.', 19),
  (20, 9, 'Um suspense eletrizante que mantém o espectador vidrado.', 20),
  (21, 8, 'Uma jornada emocionante cheia de perigos e descobertas.', 21),
  (22, 6, 'O romance é clichê e previsível.', 22),
  (23, 9, 'Uma aventura cheia de adrenalina e paisagens deslumbrantes.', 23),
  (24, 7, 'Um filme de ficção científica intrigante e cheio de reviravoltas.', 24),
  (25, 8, 'Uma história de vingança bem construída e cativante.', 25),
  (26, 9, 'Os efeitos especiais são impressionantes e a ação é eletrizante.', 26),
  (27, 6, 'O enredo é confuso e o ritmo do filme é lento.', 27),
  (28, 8, 'Uma comédia divertida e cheia de momentos hilários.', 28),
  (29, 7, 'As atuações são boas, mas a história é previsível.', 29),
  (30, 9, 'Um filme emocionante que faz refletir sobre a vida.', 30);    


INSERT INTO Filme (idFilme, nome, data, restricao_idade, genero, galardoes, sinopse, stock, preco) VALUES
    (1, 'Aventuras no Espaço', '01/01/2000', 12, 'Ficção Científica', 'Prémio de Melhores Efeitos Especiais', 'Uma emocionante jornada pelo espaço sideral.', 10, 9.99),
    (2, 'O Mistério do Enigma', '15/05/2005', 16, 'Suspense', 'Nenhum', 'Um suspense cheio de reviravoltas e segredos.', 8, 8.99),
    (3, 'Amor em Paris', '10/09/1998', 14, 'Romance', 'Prémio de Melhor Filme Romântico', 'Uma história de amor ambientada nas ruas de Paris.', 5, 7.99),
    (4, 'A Era dos Dragões', '20/03/1997', 16, 'Aventura', 'Prémio de Melhor Filme de Aventura', 'Uma jornada épica com dragões e heróis destemidos.', 12, 9.99),
    (5, 'O Segredo das Profundezas', '05/07/2003', 12, 'Ação', 'Nenhum', 'Uma aventura subaquática cheia de perigos.', 10, 8.99),
    (6, 'O Último Samurai', '15/02/2002', 14, 'Drama', 'Prémio de Melhor Ator', 'A história de um samurai em tempos de mudança.', 6, 9.99),
    (7, 'A Vingança do Destino', '30/11/2006', 16, 'Ação', 'Nenhum', 'Um herói em busca de vingança contra seus inimigos.', 8, 8.99),
    (8, 'No Limite da Realidade', '25/04/1995', 16, 'Ficção Científica', 'Nenhum', 'Uma viagem alucinante pelos limites da mente humana.', 10, 9.99),
    (9, 'O Enigma da Esfinge', '12/08/1999', 14, 'Mistério', 'Prémio de Melhor Roteiro', 'Um quebra-cabeças complexo a ser desvendado.', 7, 8.99),
    (10, 'Aventuras na Floresta', '10/06/2001', 12, 'Aventura', 'Nenhum', 'Uma emocionante jornada pela selva desconhecida.', 10, 9.99),
    (11, 'Amor Proibido', '20/12/1996', 18, 'Romance', 'Prémio de Melhor Filme Romântico', 'Um amor que desafia todas as convenções sociais.', 4, 9.99),
    (12, 'O Segredo da Ilha Perdida', '05/08/2004', 12, 'Aventura', 'Prémio de Melhor Direção de Arte', 'Uma ilha cheia de mistérios e tesouros escondidos.', 9, 8.99),
    (13, 'O Julgamento Final', '15/01/2001', 16, 'Suspense', 'Nenhum', 'Um suspense intenso com um julgamento de vida ou morte.', 7, 8.99),
    (14, 'O Fantasma do Passado', '10/11/1994', 12, 'Drama', 'Prémio de Melhor Ator Coadjuvante', 'Um drama emocionante sobre redenção e perdão.', 6, 9.99),
    (15, 'O Legado Perdido', '25/03/2003', 14, 'Ação', 'Prémio de Melhor Filme de Ação', 'Uma busca por um tesouro escondido com muitos perigos no caminho.', 10, 8.99),
    (16, 'No Limite do Abismo', '12/07/2005', 16, 'Suspense', 'Nenhum', 'Uma história de sobrevivência em um ambiente hostil.', 8, 9.99),
    (17, 'O Labirinto Misterioso', '15/02/1998', 12, 'Mistério', 'Prémio de Melhor Filme de Mistério', 'Um labirinto cheio de enigmas e segredos ocultos.', 5, 8.99),
    (18, 'Aventuras no Velho Oeste', '30/11/2000', 12, 'Aventura', 'Nenhum', 'Uma jornada emocionante pela era dos cowboys.', 10, 9.99),
    (19, 'A Última Esperança', '25/04/1997', 16, 'Ficção Científica', 'Prémio de Melhores Efeitos Visuais', 'Uma batalha épica pela sobrevivência da humanidade.', 7, 8.99),
    (20, 'O Enigma do Passado', '12/08/2002', 14, 'Suspense', 'Prémio de Melhor Filme de Suspense', 'Um mistério que envolve segredos sombrios do passado.', 9, 8.99),
    (21, 'O Segredo da Montanha', '10/06/2003', 12, 'Aventura', 'Nenhum', 'Uma expedição perigosa em busca de um tesouro perdido.', 10, 9.99),
    (22, 'Amor Proibido', '20/12/1999', 18, 'Romance', 'Prémio de Melhor Filme Romântico', 'Um amor que desafia todas as convenções sociais.', 4, 9.99),
    (23, 'Aventuras na Cidade Perdida', '05/08/2004', 12, 'Aventura', 'Prémio de Melhor Fotografia', 'Uma jornada em busca de uma cidade lendária.', 9, 8.99),
    (24, 'O Segredo do Portal', '15/01/1996', 16, 'Ficção Científica', 'Nenhum', 'Uma descoberta que pode mudar o destino da humanidade.', 7, 8.99),
    (25, 'A Vingança do Passado', '10/11/2001', 12, 'Drama', 'Nenhum', 'Uma história de vingança em busca de redenção.', 6, 9.99),
    (26, 'O Tesouro Esquecido', '25/03/1999', 14, 'Ação', 'Prémio de Melhor Efeitos Especiais', 'Uma caça ao tesouro cheia de perigos e obstáculos.', 10, 8.99),
    (27, 'No Limite da Sobrevivência', '12/07/2002', 16, 'Suspense', 'Nenhum', 'Uma luta pela sobrevivência em um ambiente hostil.', 8, 9.99),
    (28, 'O Mistério do Quadro', '15/02/1997', 12, 'Mistério', 'Prémio de Melhor Filme de Mistério', 'Um quadro com segredos ocultos que precisam ser desvendados.', 5, 8.99),
    (29, 'Aventuras no Novo Mundo', '30/11/1999', 12, 'Aventura', 'Nenhum', 'Uma jornada emocionante pelos mistérios do Novo Mundo.', 10, 9.99),
    (30, 'O Último Desafio', '25/04/1995', 16, 'Ação', 'Prémio de Melhor Cena de Ação', 'Um desafio que testará os limites de coragem e determinação.', 7, 8.99),
    (31, 'O Enigma do Espelho', '12/08/1998', 14, 'Suspense', 'Prémio de Melhor Filme de Suspense', 'Um espelho com um segredo sinistro que ameaça a vida dos protagonistas.', 9, 8.99),
    (32, 'Aventuras na Terra Encantada', '10/06/2001', 12, 'Aventura', 'Nenhum', 'Uma jornada mágica por um reino cheio de encantos e perigos.', 10, 9.99),
    (33, 'Amor Proibido', '20/12/1996', 18, 'Romance', 'Prémio de Melhor Filme Romântico', 'Um amor que desafia todas as convenções sociais.', 4, 9.99),
    (34, 'O Segredo do Templo', '05/08/2004', 12, 'Aventura', 'Prémio de Melhor Direção de Arte', 'Um templo antigo com segredos que podem mudar o mundo.', 9, 8.99),
    (35, 'No Limite da Escuridão', '15/01/1996', 16, 'Suspense', 'Nenhum', 'Uma investigação que revela segredos sombrios e perigosos.', 7, 8.99),
    (36, 'O Legado Perdido', '10/11/1994', 12, 'Drama', 'Prémio de Melhor Filme de Drama', 'Uma busca por um legado esquecido que pode mudar vidas.', 6, 9.99),
    (37, 'Aventuras no Reino Submerso', '25/03/2003', 14, 'Ação', 'Prémio de Melhor Filme de Ação', 'Uma aventura épica em um reino submarino cheio de perigos.', 10, 8.99),
    (38, 'O Segredo do Labirinto', '12/07/2005', 16, 'Suspense', 'Nenhum', 'Um labirinto mortal que desafia a inteligência e a coragem.', 8, 9.99),
    (39, 'O Mistério do Manuscrito', '15/02/1998', 12, 'Mistério', 'Prémio de Melhor Roteiro', 'Um manuscrito antigo com segredos que podem abalar a sociedade.', 5, 8.99),
    (40, 'Aventuras no Velho Oeste', '30/11/2000', 12, 'Aventura', 'Nenhum', 'Uma jornada emocionante pela era dos cowboys.', 10, 9.99);

INSERT INTO Venda (idVenda, idCliente, idFuncionario, n_artigos, preco_final, metodo, autenticidade, data) VALUES
    ('1', '1', '1', '1', '8.99', 'Dinheiro', 'Não', '01/05/2022'),
    ('2', '2', '2', '2', '19.98', 'Cartão de Crédito', 'Sim', '02/05/2022'),
    ('3', '3', '1', '3', '29.97', 'Transferência Bancária', 'Sim', '03/05/2022'),
    ('4', '4', '3', '4', '39.96', 'Dinheiro', 'Não', '04/05/2022'),
    ('5', '5', '2', '5', '49.95', 'Cartão de Crédito', 'Sim', '05/05/2022'),
    ('6', '6', '2', '6', '59.94', 'Transferência Bancária', 'Sim', '06/05/2022'),
    ('7', '7', '2', '1', '8.99', 'Dinheiro', 'Não', '07/05/2022'),
    ('8', '8', '3', '2', '19.98', 'Cartão de Crédito', 'Sim', '08/05/2022'),
    ('9', '9', '1', '3', '29.97', 'Transferência Bancária', 'Sim', '09/05/2022'),
    ('10', '10', '1', '4', '39.96', 'Dinheiro', 'Não', '10/05/2022'),
    ('11', '11', '1', '5', '49.95', 'Cartão de Crédito', 'Sim', '11/05/2022'),
    ('12', '12', '2', '6', '59.94', 'Transferência Bancária', 'Sim', '12/05/2022'),//
    ('13', '13', '3', '1', '8.99', 'Dinheiro', 'Não', '13/05/2022'),
    ('14', '14', '1', '2', '19.98', 'Cartão de Crédito', 'Sim', '14/05/2022'),
    ('15', '15', '3', '3', '29.97', 'Transferência Bancária', 'Sim', '15/05/2022'),
    ('16', '16', '1', '4', '39.96', 'Dinheiro', 'Não', '16/05/2022'),
    ('17', '17', '3', '5', '49.95', 'Cartão de Crédito', 'Sim', '17/05/2022'),
    ('18', '18', '2', '6', '59.94', 'Transferência Bancária', 'Sim', '18/05/2022'),
    ('19', '19', '1', '1', '8.99', 'Dinheiro', 'Não', '19/05/2022'),
    ('20', '20', '2', '2', '19.98', 'Cartão de Crédito', 'Sim', '20/05/2022'),
    ('21', '21', '1', '3', '29.97', 'Transferência Bancária', 'Sim', '21/05/2022'),
    ('22', '22', '2', '4', '39.96', 'Dinheiro', 'Não', '22/05/2022'),
    ('23', '23', '3', '5', '49.95', 'Cartão de Crédito', 'Sim', '23/05/2022'),
    ('24', '24', '2', '6', '59.94', 'Transferência Bancária', 'Sim', '24/05/2022'),
    ('25', '25', '3', '1', '8.99', 'Dinheiro', 'Não', '25/05/2022'),
    ('26', '26', '1', '2', '19.98', 'Cartão de Crédito', 'Sim', '26/05/2022'),
    ('27', '27', '2', '3', '29.97', 'Transferência Bancária', 'Sim', '27/05/2022'),
    ('28', '28', '3', '4', '39.96', 'Dinheiro', 'Não', '28/05/2022'),
    ('29', '29', '1', '5', '49.95', 'Cartão de Crédito', 'Sim', '29/05/2022'),
    ('30', '30', '2', '6', '59.94', 'Transferência Bancária', 'Sim', '30/05/2022'),
    ('31', '31', '3', '1', '8.99', 'Dinheiro', 'Não', '31/05/2022'),
    ('32', '32', '1', '2', '19.98', 'Cartão de Crédito', 'Sim', '01/06/2022'),
    ('33', '33', '2', '3', '29.97', 'Transferência Bancária', 'Sim', '02/06/2022'),
    ('34', '34', '3', '4', '39.96', 'Dinheiro', 'Não', '03/06/2022'),
    ('35', '35', '1', '5', '49.95', 'Cartão de Crédito', 'Sim', '04/06/2022'),
    ('36', '36', '2', '6', '59.94', 'Transferência Bancária', 'Sim', '05/06/2022'),
    ('37', '37', '3', '1', '8.99', 'Dinheiro', 'Não', '06/06/2022'),
    ('38', '38', '1', '2', '19.98', 'Cartão de Crédito', 'Sim', '07/06/2022'),
    ('39', '39', '2', '3', '29.97', 'Transferência Bancária', 'Sim', '08/06/2022'),
    ('40', '40', '3', '4', '39.96', 'Dinheiro', 'Não', '09/06/2022'),
    ('41', '41', '1', '5', '49.95', 'Cartão de Crédito', 'Sim', '10/06/2022'),
    ('42', '42', '2', '6', '59.94', 'Transferência Bancária', 'Sim', '11/06/2022'),
    ('43', '43', '1', '1', '8.99', 'Dinheiro', 'Não', '12/06/2022'),
    ('44', '44', '3', '2', '19.98', 'Cartão de Crédito', 'Sim', '13/06/2022'),
    ('45', '45', '2', '3', '29.97', 'Transferência Bancária', 'Sim', '14/06/2022'),
    ('46', '46', '1', '4', '39.96', 'Dinheiro', 'Não', '15/06/2022'),
    ('47', '47', '3', '5', '49.95', 'Cartão de Crédito', 'Sim', '16/06/2022'),
    ('48', '48', '2', '6', '59.94', 'Transferência Bancária', 'Sim', '17/06/2022'),
    ('49', '49', '1', '1', '8.99', 'Dinheiro', 'Não', '18/06/2022'),
    ('50', '50', '2', '2', '19.98', 'Cartão de Crédito', 'Sim', '19/06/2022'),
    ('51', '51', '3', '3', '29.97', 'Transferência Bancária', 'Sim', '20/06/2022'),
    ('52', '52', '1', '4', '39.96', 'Dinheiro', 'Não', '21/06/2022'),
    ('53', '53', '3', '5', '49.95', 'Cartão de Crédito', 'Sim', '22/06/2022'),
    ('54', '54', '2', '6', '59.94', 'Transferência Bancária', 'Sim', '23/06/2022'),
    ('55', '55', '1', '1', '8.99', 'Dinheiro', 'Não', '24/06/2022'),
    ('56', '56', '2', '2', '19.98', 'Cartão de Crédito', 'Sim', '25/06/2022'),
    ('57', '57', '3', '3', '29.97', 'Transferência Bancária', 'Sim', '26/06/2022'),
    ('58', '58', '1', '4', '39.96', 'Dinheiro', 'Não', '27/06/2022'),
    ('59', '59', '3', '5', '49.95', 'Cartão de Crédito', 'Sim', '28/06/2022'),
    ('60', '60', '2', '6', '59.94', 'Transferência Bancária', 'Sim', '29/06/2022');

INSERT INTO Venda_filme (id_venda, id_Filme) VALUES
  (1, 1),
  (2, 2),
  (2, 3),
  (3, 4),
  (3, 5),
  (3, 6),
  (4, 7),
  (4, 8),
  (4, 9),
  (4, 10),
  (5, 11),
  (5, 12),
  (5, 13),
  (5, 14),
  (5, 15),
  (6, 16),
  (6, 17),
  (6, 18);
  (6, 19),
  (6, 20),
  (6, 21);
  (1, 22),
  (2, 23),
  (2, 24),
  (3, 25),
  (3, 26),
  (3, 27),
  (4, 28),
  (4, 29),
  (4, 30),
  (4, 31),
  (5, 32),
  (5, 33),
  (5, 34),
  (5, 35),
  (5, 36),
  (6, 37),
  (6, 38),
  (6, 39);
  (6, 40),
  (6, 23),
  (6, 31);
  (1, 22),
  (2, 23),
  (2, 24),
  (3, 25),
  (3, 26),
  (3, 27),
  (4, 28),
  (4, 29),
  (4, 30),
  (4, 31),
  (5, 32),
  (5, 33),
  (5, 34),
  (5, 35),
  (5, 36),
  (6, 37),
  (6, 38),
  (6, 39);
  (6, 40),
  (6, 23),
  (6, 31);
  (1, 22),
  (2, 23),
  (2, 24),
  (3, 25),
  (3, 26),
  (3, 27),
  (4, 28),
  (4, 29),
  (4, 30),
  (4, 31),
  (5, 32),
  (5, 33),
  (5, 34),
  (5, 35),
  (5, 36),
  (6, 37),
  (6, 38),
  (6, 39);
  (6, 40),
  (6, 23),
  (6, 31);
  (1, 22),
  (2, 23),
  (2, 24),
  (3, 25),
  (3, 26),
  (3, 27),
  (4, 28),
  (4, 29),
  (4, 30),
  (4, 31),
  (5, 32),
  (5, 33),
  (5, 34),
  (5, 35),
  (5, 36),
  (6, 37),
  (6, 38),
  (6, 39);
  (6, 40),
  (6, 23),
  (6, 31);
  (1, 22),
  (2, 23),
  (2, 24),
  (3, 25),
  (3, 26),
  (3, 27),
  (4, 28),
  (4, 29),
  (4, 30),
  (4, 31),
  (5, 32),
  (5, 33),
  (5, 34),
  (5, 35),
  (5, 36),
  (6, 37),
  (6, 38),
  (6, 39);
  (6, 40),
  (6, 23),
  (6, 31);
  (1, 22),
  (2, 23),
  (2, 24),
  (3, 25),
  (3, 26),
  (3, 27),
  (4, 28),
  (4, 29),
  (4, 30),
  (4, 31),
  (5, 32),
  (5, 33),
  (5, 34),
  (5, 35),
  (5, 36),
  (6, 37),
  (6, 38),
  (6, 39);
  (6, 40),
  (6, 23),
  (6, 31);
  (1, 22),
  (2, 23),
  (2, 24),
  (3, 25),
  (3, 26),
  (3, 27),
  (4, 28),
  (4, 29),
  (4, 30),
  (4, 31),
  (5, 32),
  (5, 33),
  (5, 34),
  (5, 35),
  (5, 36),
  (6, 37),
  (6, 38),
  (6, 39);
  (6, 40),
  (6, 23),
  (6, 31);

INSERT INTO Compra (idCompra, data_criacao, data_prevista, n_artigos, preco_total, idFornecedor) VALUES
(1, '01/05/2023', '10/05/2023', '3', '29.97', '1'),
(2, '02/05/2023', '11/05/2023', '2', '19.98', '2'),
(3, '03/05/2023', '12/05/2023', '1', '9.99', '3'),
(4, '04/05/2023', '13/05/2023', '4', '39.96', '4'),
(5, '05/05/2023', '14/05/2023', '2', '19.98', '5'),
(6, '06/05/2023', '15/05/2023', '1', '9.99', '6'),
(7, '07/05/2023', '16/05/2023', '3', '29.97', '1'),
(8, '08/05/2023', '17/05/2023', '2', '19.98', '2'),
(9, '09/05/2023', '18/05/2023', '1', '9.99', '3'),
(10, '10/05/2023', '19/05/2023', '4', '39.96', '4'),
(11, '11/05/2023', '20/05/2023', '2', '19.98', '5'),
(12, '12/05/2023', '21/05/2023', '1', '9.99', '6'),
(13, '13/05/2023', '22/05/2023', '3', '29.97', '1'),
(14, '14/05/2023', '23/05/2023', '2', '19.98', '2'),
(15, '15/05/2023', '24/05/2023', '1', '9.99', '3'),
(16, '16/05/2023', '25/05/2023', '4', '39.96', '4'),
(17, '17/05/2023', '26/05/2023', '2', '19.98', '5'),
(18, '18/05/2023', '27/05/2023', '1', '9.99', '6'),
(19, '19/05/2023', '28/05/2023', '3', '29.97', '1'),
(20, '20/05/2023', '29/05/2023', '2', '19.98', '2'),
(21, '21/05/2023', '30/05/2023', '1', '9.99', '3'),

INSERT INTO Compra_filme (id_compra, id_Filme) VALUES
(1, 1),
(1, 2),
(1, 3),
(2, 4),
(2, 5),
(3, 6),
(4, 7),
(4, 8),
(4, 9),
(4, 10),
(5, 11),
(5, 12),
(6, 13),
(7, 14),
(7, 15),
(7, 16),
(8, 17),
(8, 18),
(9, 19),
(10, 20),
(10, 21),
(10, 22),
(10, 23),
(11, 24);
(11, 25);
(12, 26),
(13, 27),
(13, 28),
(13, 29),
(14, 20),
(14, 31),
(15, 32),
(16, 33),
(16, 34),
(16, 35),
(16, 36),
(17, 37),
(17, 38),
(18, 39),
(19, 40),
(19, 1);
(19, 2);
(20, 3);
(20, 4);
(21, 5);





